date_iso,event_name,event_type,segment_tags,country,state,city,recurrence,priority_0_100,risk_weight_0_100,window_key,window_phase,locality_scope,content_angles,default_cta,platform_fit,notes,source_hint
2026-01-01,Confraternizacao Universal,official,all|institucional|varejo,BR,,,annual,100,85,CONFRATERNIZACAO_UNIVERSAL,peak,national,mensagem institucional|servico|horarios|comunidade,Saiba mais,Instagram|LinkedIn,Feriado nacional,Feriados nacionais (Brasil)
2026-01-02,SUMMER_SALE_2026 (janela),retail,varejo|promo|sazonal,BR,,,annual,70,70,SUMMER_SALE_2026,pre,national,conscientizacao|servico|conteudo educativo|acao social,Saiba mais,Instagram|LinkedIn,Janela mensal/sazonal,Gerador Edro (sazonal)
2026-01-05,Janela de salario (aprox.),behavior,varejo|promo|planejamento,BR,,,monthly,30,25,PAYDAY_2026_01,peak,national,planejamento|lista de compras|economia,Ver ofertas,MetaAds|GoogleAds,Heuristica (varia por empresa),Gerador Edro (heuristica)
2026-01-24,Dia Internacional da Educacao,international,educacao|institucional,BR,,,annual,40,40,DIA_INTERNACIONAL_DA_EDUCACAO,peak,national,conteudo educativo|institucional|acao pratica,Saiba mais,Instagram|LinkedIn,Gancho de conteudo (nao comercial agressivo),Curadoria datas internacionais
2026-01-25,Aniversario de Sao Paulo,regional,regional|varejo|comunidade,BR,SP,Sao Paulo,annual,45,55,ANNIV_SAO_PAULO_2026,peak,city,orgulho local|historia|beneficios na regiao,Confira,Instagram|Facebook,Data municipal (expansivel por base plugavel),Curadoria regional (exemplo)
2026-02-01,BACK_TO_SCHOOL_2026 (janela),retail,varejo|papelaria|educacao,BR,,,annual,80,80,BACK_TO_SCHOOL_2026,pre,national,conscientizacao|servico|conteudo educativo|acao social,Saiba mais,Instagram|LinkedIn,Janela mensal/sazonal,Gerador Edro (sazonal)
2026-02-04,Dia Mundial do Cancer,international,saude|institucional,BR,,,annual,45,45,DIA_MUNDIAL_DO_CANCER,peak,national,conteudo educativo|institucional|acao pratica,Saiba mais,Instagram|LinkedIn,Gancho de conteudo (nao comercial agressivo),Curadoria datas internacionais
2026-02-05,Janela de salario (aprox.),behavior,varejo|promo|planejamento,BR,,,monthly,30,25,PAYDAY_2026_02,peak,national,planejamento|lista de compras|economia,Ver ofertas,MetaAds|GoogleAds,Heuristica (varia por empresa),Gerador Edro (heuristica)
2026-02-16,Carnaval (segunda-feira),cultural,varejo|entretenimento|turismo,BR,,,annual,85,55,CARNAVAL_SEGUNDA_FEIRA_,peak,national,servicos|horarios|promo tematica|conteudo cultural,Confira,Instagram|Facebook|LinkedIn|MetaAds|GoogleAds|EmailMarketing,Data movel (calculo por Pascoa),Gerador Edro (Pascoa)
2026-02-17,Carnaval (terca-feira),cultural,varejo|entretenimento|turismo,BR,,,annual,95,80,CARNAVAL_TERCA_FEIRA_,peak,national,servicos|horarios|promo tematica|conteudo cultural,Confira,Instagram|Facebook|LinkedIn|MetaAds|GoogleAds|EmailMarketing,Data movel (calculo por Pascoa),Gerador Edro (Pascoa)
2026-02-18,Quarta-feira de Cinzas,cultural,institucional|servicos,BR,,,annual,55,55,QUARTA_FEIRA_DE_CINZAS,peak,national,servicos|horarios|promo tematica|conteudo cultural,Confira,Instagram|Facebook|LinkedIn|MetaAds|GoogleAds|EmailMarketing,Data movel (calculo por Pascoa),Gerador Edro (Pascoa)
2026-03-01,CONSUMER_DAY_2026 (janela pre | D-14),retail,varejo|promo|planejamento,BR,,,annual,75,60,CONSUMER_DAY_2026,pre,national,aquecimento|lista de desejos|teaser|beneficios,Ativar alerta,Instagram|Facebook|LinkedIn|MetaAds|GoogleAds|EmailMarketing,Janela automatica pre-evento,Gerador Edro (janela)
2026-03-01,Aniversario do Rio de Janeiro,regional,regional|varejo|comunidade,BR,RJ,Rio de Janeiro,annual,45,55,ANNIV_RIO_DE_JANEIRO_2026,peak,city,orgulho local|historia|beneficios na regiao,Confira,Instagram|Facebook,Data municipal (expansivel por base plugavel),Curadoria regional (exemplo)
2026-03-02,CONSUMER_DAY_2026 (janela pre | D-13),retail,varejo|promo|planejamento,BR,,,annual,75,62,CONSUMER_DAY_2026,pre,national,aquecimento|lista de desejos|teaser|beneficios,Ativar alerta,Instagram|Facebook|LinkedIn|MetaAds|GoogleAds|EmailMarketing,Janela automatica pre-evento,Gerador Edro (janela)
2026-03-03,CONSUMER_DAY_2026 (janela pre | D-12),retail,varejo|promo|planejamento,BR,,,annual,75,64,CONSUMER_DAY_2026,pre,national,aquecimento|lista de desejos|teaser|beneficios,Ativar alerta,Instagram|Facebook|LinkedIn|MetaAds|GoogleAds|EmailMarketing,Janela automatica pre-evento,Gerador Edro (janela)
2026-03-04,CONSUMER_DAY_2026 (janela pre | D-11),retail,varejo|promo|planejamento,BR,,,annual,75,66,CONSUMER_DAY_2026,pre,national,aquecimento|lista de desejos|teaser|beneficios,Ativar alerta,Instagram|Facebook|LinkedIn|MetaAds|GoogleAds|EmailMarketing,Janela automatica pre-evento,Gerador Edro (janela)
2026-03-05,CONSUMER_DAY_2026 (janela pre | D-10),retail,varejo|promo|planejamento,BR,,,annual,75,68,CONSUMER_DAY_2026,pre,national,aquecimento|lista de desejos|teaser|beneficios,Ativar alerta,Instagram|Facebook|LinkedIn|MetaAds|GoogleAds|EmailMarketing,Janela automatica pre-evento,Gerador Edro (janela)
2026-03-05,Janela de salario (aprox.),behavior,varejo|promo|planejamento,BR,,,monthly,30,25,PAYDAY_2026_03,peak,national,planejamento|lista de compras|economia,Ver ofertas,MetaAds|GoogleAds,Heuristica (varia por empresa),Gerador Edro (heuristica)
2026-03-06,CONSUMER_DAY_2026 (janela pre | D-9),retail,varejo|promo|planejamento,BR,,,annual,75,70,CONSUMER_DAY_2026,pre,national,aquecimento|lista de desejos|teaser|beneficios,Ativar alerta,Instagram|Facebook|LinkedIn|MetaAds|GoogleAds|EmailMarketing,Janela automatica pre-evento,Gerador Edro (janela)
2026-03-07,CONSUMER_DAY_2026 (janela pre | D-8),retail,varejo|promo|planejamento,BR,,,annual,75,72,CONSUMER_DAY_2026,pre,national,aquecimento|lista de desejos|teaser|beneficios,Ativar alerta,Instagram|Facebook|LinkedIn|MetaAds|GoogleAds|EmailMarketing,Janela automatica pre-evento,Gerador Edro (janela)
2026-03-08,CONSUMER_DAY_2026 (janela pre | D-7),retail,varejo|promo|planejamento,BR,,,annual,75,74,CONSUMER_DAY_2026,pre,national,aquecimento|lista de desejos|teaser|beneficios,Ativar alerta,Instagram|Facebook|LinkedIn|MetaAds|GoogleAds|EmailMarketing,Janela automatica pre-evento,Gerador Edro (janela)
2026-03-09,CONSUMER_DAY_2026 (janela pre | D-6),retail,varejo|promo|planejamento,BR,,,annual,75,76,CONSUMER_DAY_2026,pre,national,aquecimento|lista de desejos|teaser|beneficios,Ativar alerta,Instagram|Facebook|LinkedIn|MetaAds|GoogleAds|EmailMarketing,Janela automatica pre-evento,Gerador Edro (janela)
2026-03-10,CONSUMER_DAY_2026 (janela pre | D-5),retail,varejo|promo|planejamento,BR,,,annual,75,78,CONSUMER_DAY_2026,pre,national,aquecimento|lista de desejos|teaser|beneficios,Ativar alerta,Instagram|Facebook|LinkedIn|MetaAds|GoogleAds|EmailMarketing,Janela automatica pre-evento,Gerador Edro (janela)
2026-03-11,CONSUMER_DAY_2026 (janela pre | D-4),retail,varejo|promo|planejamento,BR,,,annual,75,80,CONSUMER_DAY_2026,pre,national,aquecimento|lista de desejos|teaser|beneficios,Ativar alerta,Instagram|Facebook|LinkedIn|MetaAds|GoogleAds|EmailMarketing,Janela automatica pre-evento,Gerador Edro (janela)
2026-03-12,CONSUMER_DAY_2026 (janela pre | D-3),retail,varejo|promo|planejamento,BR,,,annual,75,82,CONSUMER_DAY_2026,pre,national,aquecimento|lista de desejos|teaser|beneficios,Ativar alerta,Instagram|Facebook|LinkedIn|MetaAds|GoogleAds|EmailMarketing,Janela automatica pre-evento,Gerador Edro (janela)
2026-03-13,CONSUMER_DAY_2026 (janela pre | D-2),retail,varejo|promo|planejamento,BR,,,annual,75,84,CONSUMER_DAY_2026,pre,national,aquecimento|lista de desejos|teaser|beneficios,Ativar alerta,Instagram|Facebook|LinkedIn|MetaAds|GoogleAds|EmailMarketing,Janela automatica pre-evento,Gerador Edro (janela)
2026-03-14,CONSUMER_DAY_2026 (janela pre | D-1),retail,varejo|promo|planejamento,BR,,,annual,75,86,CONSUMER_DAY_2026,pre,national,aquecimento|lista de desejos|teaser|beneficios,Ativar alerta,Instagram|Facebook|LinkedIn|MetaAds|GoogleAds|EmailMarketing,Janela automatica pre-evento,Gerador Edro (janela)
2026-03-15,CONSUMER_DAY_2026,retail,varejo|promo|ecommerce,BR,,,annual,95,100,CONSUMER_DAY_2026,peak,national,oferta forte|prova social|escassez|comparativo,Comprar agora,MetaAds|GoogleAds,Dia pico,Gerador Edro (peak)
2026-03-16,CONSUMER_DAY_2026 (janela pos | D+1),retail,varejo|retencao|crm,BR,,,annual,60,50,CONSUMER_DAY_2026,post,national,ultima chance|retargeting|up-sell|agradecimento,Ver condicoes,Instagram|Facebook|LinkedIn|MetaAds|GoogleAds|EmailMarketing,Janela automatica pos-evento,Gerador Edro (janela)
2026-03-17,CONSUMER_DAY_2026 (janela pos | D+2),retail,varejo|retencao|crm,BR,,,annual,60,45,CONSUMER_DAY_2026,post,national,ultima chance|retargeting|up-sell|agradecimento,Ver condicoes,Instagram|Facebook|LinkedIn|MetaAds|GoogleAds|EmailMarketing,Janela automatica pos-evento,Gerador Edro (janela)
2026-03-18,CONSUMER_DAY_2026 (janela pos | D+3),retail,varejo|retencao|crm,BR,,,annual,60,40,CONSUMER_DAY_2026,post,national,ultima chance|retargeting|up-sell|agradecimento,Ver condicoes,Instagram|Facebook|LinkedIn|MetaAds|GoogleAds|EmailMarketing,Janela automatica pos-evento,Gerador Edro (janela)
2026-03-22,Dia Mundial da Agua,international,sustentabilidade|institucional,BR,,,annual,55,55,DIA_MUNDIAL_DA_AGUA,peak,national,conteudo educativo|institucional|acao pratica,Saiba mais,Instagram|LinkedIn,Gancho de conteudo (nao comercial agressivo),Curadoria datas internacionais
2026-03-29,Aniversario de Curitiba,regional,regional|varejo|comunidade,BR,PR,Curitiba,annual,45,55,ANNIV_CURITIBA_2026,peak,city,orgulho local|historia|beneficios na regiao,Confira,Instagram|Facebook,Data municipal (expansivel por base plugavel),Curadoria regional (exemplo)
2026-03-29,Aniversario de Salvador,regional,regional|varejo|comunidade,BR,BA,Salvador,annual,45,55,ANNIV_SALVADOR_2026,peak,city,orgulho local|historia|beneficios na regiao,Confira,Instagram|Facebook,Data municipal (expansivel por base plugavel),Curadoria regional (exemplo)
2026-04-03,Sexta-feira Santa,official,varejo|familia,BR,,,annual,90,80,SEXTA_FEIRA_SANTA,peak,national,servicos|horarios|promo tematica|conteudo cultural,Confira,Instagram|Facebook|LinkedIn|MetaAds|GoogleAds|EmailMarketing,Data movel (calculo por Pascoa),Gerador Edro (Pascoa)
2026-04-05,Pascoa,cultural,varejo|familia|chocolate,BR,,,annual,100,80,PASCOA,peak,national,servicos|horarios|promo tematica|conteudo cultural,Confira,Instagram|Facebook|LinkedIn|MetaAds|GoogleAds|EmailMarketing,Data movel (calculo por Pascoa),Gerador Edro (Pascoa)
2026-04-05,Janela de salario (aprox.),behavior,varejo|promo|planejamento,BR,,,monthly,30,25,PAYDAY_2026_04,peak,national,planejamento|lista de compras|economia,Ver ofertas,MetaAds|GoogleAds,Heuristica (varia por empresa),Gerador Edro (heuristica)
2026-04-07,Dia Mundial da Saude,international,saude|institucional,BR,,,annual,50,50,DIA_MUNDIAL_DA_SAUDE,peak,national,conteudo educativo|institucional|acao pratica,Saiba mais,Instagram|LinkedIn,Gancho de conteudo (nao comercial agressivo),Curadoria datas internacionais
2026-04-21,Tiradentes,official,all|institucional|varejo,BR,,,annual,85,60,TIRADENTES,peak,national,mensagem institucional|servico|horarios|comunidade,Saiba mais,Instagram|LinkedIn,Feriado nacional,Feriados nacionais (Brasil)
2026-04-22,Dia da Terra (Earth Day),international,sustentabilidade|institucional,BR,,,annual,55,55,DIA_DA_TERRA_EARTH_DAY_,peak,national,conteudo educativo|institucional|acao pratica,Saiba mais,Instagram|LinkedIn,Gancho de conteudo (nao comercial agressivo),Curadoria datas internacionais
2026-04-26,MOTHERS_DAY_2026 (janela pre | D-14),retail,varejo|promo|planejamento,BR,,,annual,80,60,MOTHERS_DAY_2026,pre,national,aquecimento|lista de desejos|teaser|beneficios,Ativar alerta,Instagram|Facebook|LinkedIn|MetaAds|GoogleAds|EmailMarketing,Janela automatica pre-evento,Gerador Edro (janela)
2026-04-27,MOTHERS_DAY_2026 (janela pre | D-13),retail,varejo|promo|planejamento,BR,,,annual,80,62,MOTHERS_DAY_2026,pre,national,aquecimento|lista de desejos|teaser|beneficios,Ativar alerta,Instagram|Facebook|LinkedIn|MetaAds|GoogleAds|EmailMarketing,Janela automatica pre-evento,Gerador Edro (janela)
2026-04-28,MOTHERS_DAY_2026 (janela pre | D-12),retail,varejo|promo|planejamento,BR,,,annual,80,64,MOTHERS_DAY_2026,pre,national,aquecimento|lista de desejos|teaser|beneficios,Ativar alerta,Instagram|Facebook|LinkedIn|MetaAds|GoogleAds|EmailMarketing,Janela automatica pre-evento,Gerador Edro (janela)
2026-04-29,MOTHERS_DAY_2026 (janela pre | D-11),retail,varejo|promo|planejamento,BR,,,annual,80,66,MOTHERS_DAY_2026,pre,national,aquecimento|lista de desejos|teaser|beneficios,Ativar alerta,Instagram|Facebook|LinkedIn|MetaAds|GoogleAds|EmailMarketing,Janela automatica pre-evento,Gerador Edro (janela)
2026-04-30,MOTHERS_DAY_2026 (janela pre | D-10),retail,varejo|promo|planejamento,BR,,,annual,80,68,MOTHERS_DAY_2026,pre,national,aquecimento|lista de desejos|teaser|beneficios,Ativar alerta,Instagram|Facebook|LinkedIn|MetaAds|GoogleAds|EmailMarketing,Janela automatica pre-evento,Gerador Edro (janela)
2026-05-01,Dia do Trabalho,official,all|institucional|varejo,BR,,,annual,90,85,DIA_DO_TRABALHO,peak,national,mensagem institucional|servico|horarios|comunidade,Saiba mais,Instagram|LinkedIn,Feriado nacional,Feriados nacionais (Brasil)
2026-05-01,MOTHERS_DAY_2026 (janela pre | D-9),retail,varejo|promo|planejamento,BR,,,annual,80,70,MOTHERS_DAY_2026,pre,national,aquecimento|lista de desejos|teaser|beneficios,Ativar alerta,Instagram|Facebook|LinkedIn|MetaAds|GoogleAds|EmailMarketing,Janela automatica pre-evento,Gerador Edro (janela)
2026-05-02,MOTHERS_DAY_2026 (janela pre | D-8),retail,varejo|promo|planejamento,BR,,,annual,80,72,MOTHERS_DAY_2026,pre,national,aquecimento|lista de desejos|teaser|beneficios,Ativar alerta,Instagram|Facebook|LinkedIn|MetaAds|GoogleAds|EmailMarketing,Janela automatica pre-evento,Gerador Edro (janela)
2026-05-03,MOTHERS_DAY_2026 (janela pre | D-7),retail,varejo|promo|planejamento,BR,,,annual,80,74,MOTHERS_DAY_2026,pre,national,aquecimento|lista de desejos|teaser|beneficios,Ativar alerta,Instagram|Facebook|LinkedIn|MetaAds|GoogleAds|EmailMarketing,Janela automatica pre-evento,Gerador Edro (janela)
2026-05-04,MOTHERS_DAY_2026 (janela pre | D-6),retail,varejo|promo|planejamento,BR,,,annual,80,76,MOTHERS_DAY_2026,pre,national,aquecimento|lista de desejos|teaser|beneficios,Ativar alerta,Instagram|Facebook|LinkedIn|MetaAds|GoogleAds|EmailMarketing,Janela automatica pre-evento,Gerador Edro (janela)
2026-05-05,MOTHERS_DAY_2026 (janela pre | D-5),retail,varejo|promo|planejamento,BR,,,annual,80,78,MOTHERS_DAY_2026,pre,national,aquecimento|lista de desejos|teaser|beneficios,Ativar alerta,Instagram|Facebook|LinkedIn|MetaAds|GoogleAds|EmailMarketing,Janela automatica pre-evento,Gerador Edro (janela)
2026-05-05,Janela de salario (aprox.),behavior,varejo|promo|planejamento,BR,,,monthly,30,25,PAYDAY_2026_05,peak,national,planejamento|lista de compras|economia,Ver ofertas,MetaAds|GoogleAds,Heuristica (varia por empresa),Gerador Edro (heuristica)
2026-05-06,MOTHERS_DAY_2026 (janela pre | D-4),retail,varejo|promo|planejamento,BR,,,annual,80,80,MOTHERS_DAY_2026,pre,national,aquecimento|lista de desejos|teaser|beneficios,Ativar alerta,Instagram|Facebook|LinkedIn|MetaAds|GoogleAds|EmailMarketing,Janela automatica pre-evento,Gerador Edro (janela)
2026-05-07,MOTHERS_DAY_2026 (janela pre | D-3),retail,varejo|promo|planejamento,BR,,,annual,80,82,MOTHERS_DAY_2026,pre,national,aquecimento|lista de desejos|teaser|beneficios,Ativar alerta,Instagram|Facebook|LinkedIn|MetaAds|GoogleAds|EmailMarketing,Janela automatica pre-evento,Gerador Edro (janela)
2026-05-08,MOTHERS_DAY_2026 (janela pre | D-2),retail,varejo|promo|planejamento,BR,,,annual,80,84,MOTHERS_DAY_2026,pre,national,aquecimento|lista de desejos|teaser|beneficios,Ativar alerta,Instagram|Facebook|LinkedIn|MetaAds|GoogleAds|EmailMarketing,Janela automatica pre-evento,Gerador Edro (janela)
2026-05-09,MOTHERS_DAY_2026 (janela pre | D-1),retail,varejo|promo|planejamento,BR,,,annual,80,86,MOTHERS_DAY_2026,pre,national,aquecimento|lista de desejos|teaser|beneficios,Ativar alerta,Instagram|Facebook|LinkedIn|MetaAds|GoogleAds|EmailMarketing,Janela automatica pre-evento,Gerador Edro (janela)
2026-05-10,MOTHERS_DAY_2026,retail,varejo|promo|ecommerce,BR,,,annual,100,100,MOTHERS_DAY_2026,peak,national,oferta forte|prova social|escassez|comparativo,Comprar agora,MetaAds|GoogleAds,Dia pico,Gerador Edro (peak)
2026-05-11,MOTHERS_DAY_2026 (janela pos | D+1),retail,varejo|retencao|crm,BR,,,annual,65,50,MOTHERS_DAY_2026,post,national,ultima chance|retargeting|up-sell|agradecimento,Ver condicoes,Instagram|Facebook|LinkedIn|MetaAds|GoogleAds|EmailMarketing,Janela automatica pos-evento,Gerador Edro (janela)
2026-05-12,MOTHERS_DAY_2026 (janela pos | D+2),retail,varejo|retencao|crm,BR,,,annual,65,45,MOTHERS_DAY_2026,post,national,ultima chance|retargeting|up-sell|agradecimento,Ver condicoes,Instagram|Facebook|LinkedIn|MetaAds|GoogleAds|EmailMarketing,Janela automatica pos-evento,Gerador Edro (janela)
2026-05-13,MOTHERS_DAY_2026 (janela pos | D+3),retail,varejo|retencao|crm,BR,,,annual,65,40,MOTHERS_DAY_2026,post,national,ultima chance|retargeting|up-sell|agradecimento,Ver condicoes,Instagram|Facebook|LinkedIn|MetaAds|GoogleAds|EmailMarketing,Janela automatica pos-evento,Gerador Edro (janela)
2026-05-29,VALENTINES_BR_2026 (janela pre | D-14),retail,varejo|promo|planejamento,BR,,,annual,75,60,VALENTINES_BR_2026,pre,national,aquecimento|lista de desejos|teaser|beneficios,Ativar alerta,Instagram|Facebook|LinkedIn|MetaAds|GoogleAds|EmailMarketing,Janela automatica pre-evento,Gerador Edro (janela)
2026-05-30,VALENTINES_BR_2026 (janela pre | D-13),retail,varejo|promo|planejamento,BR,,,annual,75,62,VALENTINES_BR_2026,pre,national,aquecimento|lista de desejos|teaser|beneficios,Ativar alerta,Instagram|Facebook|LinkedIn|MetaAds|GoogleAds|EmailMarketing,Janela automatica pre-evento,Gerador Edro (janela)
2026-05-31,VALENTINES_BR_2026 (janela pre | D-12),retail,varejo|promo|planejamento,BR,,,annual,75,64,VALENTINES_BR_2026,pre,national,aquecimento|lista de desejos|teaser|beneficios,Ativar alerta,Instagram|Facebook|LinkedIn|MetaAds|GoogleAds|EmailMarketing,Janela automatica pre-evento,Gerador Edro (janela)
2026-06-01,VALENTINES_BR_2026 (janela pre | D-11),retail,varejo|promo|planejamento,BR,,,annual,75,66,VALENTINES_BR_2026,pre,national,aquecimento|lista de desejos|teaser|beneficios,Ativar alerta,Instagram|Facebook|LinkedIn|MetaAds|GoogleAds|EmailMarketing,Janela automatica pre-evento,Gerador Edro (janela)
2026-06-01,JUNE_FESTS_2026 (janela),cultural,varejo|alimentos|regional,BR,,,annual,55,55,JUNE_FESTS_2026,pre,national,conscientizacao|servico|conteudo educativo|acao social,Saiba mais,Instagram|LinkedIn,Janela mensal/sazonal,Gerador Edro (sazonal)
2026-06-02,VALENTINES_BR_2026 (janela pre | D-10),retail,varejo|promo|planejamento,BR,,,annual,75,68,VALENTINES_BR_2026,pre,national,aquecimento|lista de desejos|teaser|beneficios,Ativar alerta,Instagram|Facebook|LinkedIn|MetaAds|GoogleAds|EmailMarketing,Janela automatica pre-evento,Gerador Edro (janela)
2026-06-03,VALENTINES_BR_2026 (janela pre | D-9),retail,varejo|promo|planejamento,BR,,,annual,75,70,VALENTINES_BR_2026,pre,national,aquecimento|lista de desejos|teaser|beneficios,Ativar alerta,Instagram|Facebook|LinkedIn|MetaAds|GoogleAds|EmailMarketing,Janela automatica pre-evento,Gerador Edro (janela)
2026-06-04,Corpus Christi,official,varejo|turismo|institucional,BR,,,annual,80,55,CORPUS_CHRISTI,peak,national,servicos|horarios|promo tematica|conteudo cultural,Confira,Instagram|Facebook|LinkedIn|MetaAds|GoogleAds|EmailMarketing,Data movel (calculo por Pascoa),Gerador Edro (Pascoa)
2026-06-04,VALENTINES_BR_2026 (janela pre | D-8),retail,varejo|promo|planejamento,BR,,,annual,75,72,VALENTINES_BR_2026,pre,national,aquecimento|lista de desejos|teaser|beneficios,Ativar alerta,Instagram|Facebook|LinkedIn|MetaAds|GoogleAds|EmailMarketing,Janela automatica pre-evento,Gerador Edro (janela)
2026-06-05,VALENTINES_BR_2026 (janela pre | D-7),retail,varejo|promo|planejamento,BR,,,annual,75,74,VALENTINES_BR_2026,pre,national,aquecimento|lista de desejos|teaser|beneficios,Ativar alerta,Instagram|Facebook|LinkedIn|MetaAds|GoogleAds|EmailMarketing,Janela automatica pre-evento,Gerador Edro (janela)
2026-06-05,Dia Mundial do Meio Ambiente,international,sustentabilidade|institucional,BR,,,annual,65,65,DIA_MUNDIAL_DO_MEIO_AMBIENTE,peak,national,conteudo educativo|institucional|acao pratica,Saiba mais,Instagram|LinkedIn,Gancho de conteudo (nao comercial agressivo),Curadoria datas internacionais
2026-06-05,Janela de salario (aprox.),behavior,varejo|promo|planejamento,BR,,,monthly,30,25,PAYDAY_2026_06,peak,national,planejamento|lista de compras|economia,Ver ofertas,MetaAds|GoogleAds,Heuristica (varia por empresa),Gerador Edro (heuristica)
2026-06-06,VALENTINES_BR_2026 (janela pre | D-6),retail,varejo|promo|planejamento,BR,,,annual,75,76,VALENTINES_BR_2026,pre,national,aquecimento|lista de desejos|teaser|beneficios,Ativar alerta,Instagram|Facebook|LinkedIn|MetaAds|GoogleAds|EmailMarketing,Janela automatica pre-evento,Gerador Edro (janela)
2026-06-07,VALENTINES_BR_2026 (janela pre | D-5),retail,varejo|promo|planejamento,BR,,,annual,75,78,VALENTINES_BR_2026,pre,national,aquecimento|lista de desejos|teaser|beneficios,Ativar alerta,Instagram|Facebook|LinkedIn|MetaAds|GoogleAds|EmailMarketing,Janela automatica pre-evento,Gerador Edro (janela)
2026-06-08,VALENTINES_BR_2026 (janela pre | D-4),retail,varejo|promo|planejamento,BR,,,annual,75,80,VALENTINES_BR_2026,pre,national,aquecimento|lista de desejos|teaser|beneficios,Ativar alerta,Instagram|Facebook|LinkedIn|MetaAds|GoogleAds|EmailMarketing,Janela automatica pre-evento,Gerador Edro (janela)
2026-06-09,VALENTINES_BR_2026 (janela pre | D-3),retail,varejo|promo|planejamento,BR,,,annual,75,82,VALENTINES_BR_2026,pre,national,aquecimento|lista de desejos|teaser|beneficios,Ativar alerta,Instagram|Facebook|LinkedIn|MetaAds|GoogleAds|EmailMarketing,Janela automatica pre-evento,Gerador Edro (janela)
2026-06-10,VALENTINES_BR_2026 (janela pre | D-2),retail,varejo|promo|planejamento,BR,,,annual,75,84,VALENTINES_BR_2026,pre,national,aquecimento|lista de desejos|teaser|beneficios,Ativar alerta,Instagram|Facebook|LinkedIn|MetaAds|GoogleAds|EmailMarketing,Janela automatica pre-evento,Gerador Edro (janela)
2026-06-11,VALENTINES_BR_2026 (janela pre | D-1),retail,varejo|promo|planejamento,BR,,,annual,75,86,VALENTINES_BR_2026,pre,national,aquecimento|lista de desejos|teaser|beneficios,Ativar alerta,Instagram|Facebook|LinkedIn|MetaAds|GoogleAds|EmailMarketing,Janela automatica pre-evento,Gerador Edro (janela)
2026-06-12,VALENTINES_BR_2026,retail,varejo|promo|ecommerce,BR,,,annual,95,100,VALENTINES_BR_2026,peak,national,oferta forte|prova social|escassez|comparativo,Comprar agora,MetaAds|GoogleAds,Dia pico,Gerador Edro (peak)
2026-06-13,VALENTINES_BR_2026 (janela pos | D+1),retail,varejo|retencao|crm,BR,,,annual,60,50,VALENTINES_BR_2026,post,national,ultima chance|retargeting|up-sell|agradecimento,Ver condicoes,Instagram|Facebook|LinkedIn|MetaAds|GoogleAds|EmailMarketing,Janela automatica pos-evento,Gerador Edro (janela)
2026-06-14,VALENTINES_BR_2026 (janela pos | D+2),retail,varejo|retencao|crm,BR,,,annual,60,45,VALENTINES_BR_2026,post,national,ultima chance|retargeting|up-sell|agradecimento,Ver condicoes,Instagram|Facebook|LinkedIn|MetaAds|GoogleAds|EmailMarketing,Janela automatica pos-evento,Gerador Edro (janela)
2026-06-15,VALENTINES_BR_2026 (janela pos | D+3),retail,varejo|retencao|crm,BR,,,annual,60,40,VALENTINES_BR_2026,post,national,ultima chance|retargeting|up-sell|agradecimento,Ver condicoes,Instagram|Facebook|LinkedIn|MetaAds|GoogleAds|EmailMarketing,Janela automatica pos-evento,Gerador Edro (janela)
2026-07-01,JULY_VACATION_2026 (janela),seasonal,varejo|turismo|entretenimento,BR,,,annual,60,60,JULY_VACATION_2026,pre,national,conscientizacao|servico|conteudo educativo|acao social,Saiba mais,Instagram|LinkedIn,Janela mensal/sazonal,Gerador Edro (sazonal)
2026-07-05,Janela de salario (aprox.),behavior,varejo|promo|planejamento,BR,,,monthly,30,25,PAYDAY_2026_07,peak,national,planejamento|lista de compras|economia,Ver ofertas,MetaAds|GoogleAds,Heuristica (varia por empresa),Gerador Edro (heuristica)
2026-07-26,FATHERS_DAY_2026 (janela pre | D-14),retail,varejo|promo|planejamento,BR,,,annual,75,60,FATHERS_DAY_2026,pre,national,aquecimento|lista de desejos|teaser|beneficios,Ativar alerta,Instagram|Facebook|LinkedIn|MetaAds|GoogleAds|EmailMarketing,Janela automatica pre-evento,Gerador Edro (janela)
2026-07-27,FATHERS_DAY_2026 (janela pre | D-13),retail,varejo|promo|planejamento,BR,,,annual,75,62,FATHERS_DAY_2026,pre,national,aquecimento|lista de desejos|teaser|beneficios,Ativar alerta,Instagram|Facebook|LinkedIn|MetaAds|GoogleAds|EmailMarketing,Janela automatica pre-evento,Gerador Edro (janela)
2026-07-28,FATHERS_DAY_2026 (janela pre | D-12),retail,varejo|promo|planejamento,BR,,,annual,75,64,FATHERS_DAY_2026,pre,national,aquecimento|lista de desejos|teaser|beneficios,Ativar alerta,Instagram|Facebook|LinkedIn|MetaAds|GoogleAds|EmailMarketing,Janela automatica pre-evento,Gerador Edro (janela)
2026-07-29,FATHERS_DAY_2026 (janela pre | D-11),retail,varejo|promo|planejamento,BR,,,annual,75,66,FATHERS_DAY_2026,pre,national,aquecimento|lista de desejos|teaser|beneficios,Ativar alerta,Instagram|Facebook|LinkedIn|MetaAds|GoogleAds|EmailMarketing,Janela automatica pre-evento,Gerador Edro (janela)
2026-07-30,FATHERS_DAY_2026 (janela pre | D-10),retail,varejo|promo|planejamento,BR,,,annual,75,68,FATHERS_DAY_2026,pre,national,aquecimento|lista de desejos|teaser|beneficios,Ativar alerta,Instagram|Facebook|LinkedIn|MetaAds|GoogleAds|EmailMarketing,Janela automatica pre-evento,Gerador Edro (janela)
2026-07-31,FATHERS_DAY_2026 (janela pre | D-9),retail,varejo|promo|planejamento,BR,,,annual,75,70,FATHERS_DAY_2026,pre,national,aquecimento|lista de desejos|teaser|beneficios,Ativar alerta,Instagram|Facebook|LinkedIn|MetaAds|GoogleAds|EmailMarketing,Janela automatica pre-evento,Gerador Edro (janela)
2026-08-01,FATHERS_DAY_2026 (janela pre | D-8),retail,varejo|promo|planejamento,BR,,,annual,75,72,FATHERS_DAY_2026,pre,national,aquecimento|lista de desejos|teaser|beneficios,Ativar alerta,Instagram|Facebook|LinkedIn|MetaAds|GoogleAds|EmailMarketing,Janela automatica pre-evento,Gerador Edro (janela)
2026-08-02,FATHERS_DAY_2026 (janela pre | D-7),retail,varejo|promo|planejamento,BR,,,annual,75,74,FATHERS_DAY_2026,pre,national,aquecimento|lista de desejos|teaser|beneficios,Ativar alerta,Instagram|Facebook|LinkedIn|MetaAds|GoogleAds|EmailMarketing,Janela automatica pre-evento,Gerador Edro (janela)
2026-08-03,FATHERS_DAY_2026 (janela pre | D-6),retail,varejo|promo|planejamento,BR,,,annual,75,76,FATHERS_DAY_2026,pre,national,aquecimento|lista de desejos|teaser|beneficios,Ativar alerta,Instagram|Facebook|LinkedIn|MetaAds|GoogleAds|EmailMarketing,Janela automatica pre-evento,Gerador Edro (janela)
2026-08-04,FATHERS_DAY_2026 (janela pre | D-5),retail,varejo|promo|planejamento,BR,,,annual,75,78,FATHERS_DAY_2026,pre,national,aquecimento|lista de desejos|teaser|beneficios,Ativar alerta,Instagram|Facebook|LinkedIn|MetaAds|GoogleAds|EmailMarketing,Janela automatica pre-evento,Gerador Edro (janela)
2026-08-05,FATHERS_DAY_2026 (janela pre | D-4),retail,varejo|promo|planejamento,BR,,,annual,75,80,FATHERS_DAY_2026,pre,national,aquecimento|lista de desejos|teaser|beneficios,Ativar alerta,Instagram|Facebook|LinkedIn|MetaAds|GoogleAds|EmailMarketing,Janela automatica pre-evento,Gerador Edro (janela)
2026-08-05,Janela de salario (aprox.),behavior,varejo|promo|planejamento,BR,,,monthly,30,25,PAYDAY_2026_08,peak,national,planejamento|lista de compras|economia,Ver ofertas,MetaAds|GoogleAds,Heuristica (varia por empresa),Gerador Edro (heuristica)
2026-08-06,FATHERS_DAY_2026 (janela pre | D-3),retail,varejo|promo|planejamento,BR,,,annual,75,82,FATHERS_DAY_2026,pre,national,aquecimento|lista de desejos|teaser|beneficios,Ativar alerta,Instagram|Facebook|LinkedIn|MetaAds|GoogleAds|EmailMarketing,Janela automatica pre-evento,Gerador Edro (janela)
2026-08-07,FATHERS_DAY_2026 (janela pre | D-2),retail,varejo|promo|planejamento,BR,,,annual,75,84,FATHERS_DAY_2026,pre,national,aquecimento|lista de desejos|teaser|beneficios,Ativar alerta,Instagram|Facebook|LinkedIn|MetaAds|GoogleAds|EmailMarketing,Janela automatica pre-evento,Gerador Edro (janela)
2026-08-08,FATHERS_DAY_2026 (janela pre | D-1),retail,varejo|promo|planejamento,BR,,,annual,75,86,FATHERS_DAY_2026,pre,national,aquecimento|lista de desejos|teaser|beneficios,Ativar alerta,Instagram|Facebook|LinkedIn|MetaAds|GoogleAds|EmailMarketing,Janela automatica pre-evento,Gerador Edro (janela)
2026-08-09,FATHERS_DAY_2026,retail,varejo|promo|ecommerce,BR,,,annual,95,100,FATHERS_DAY_2026,peak,national,oferta forte|prova social|escassez|comparativo,Comprar agora,MetaAds|GoogleAds,Dia pico,Gerador Edro (peak)
2026-08-10,FATHERS_DAY_2026 (janela pos | D+1),retail,varejo|retencao|crm,BR,,,annual,60,50,FATHERS_DAY_2026,post,national,ultima chance|retargeting|up-sell|agradecimento,Ver condicoes,Instagram|Facebook|LinkedIn|MetaAds|GoogleAds|EmailMarketing,Janela automatica pos-evento,Gerador Edro (janela)
2026-08-11,FATHERS_DAY_2026 (janela pos | D+2),retail,varejo|retencao|crm,BR,,,annual,60,45,FATHERS_DAY_2026,post,national,ultima chance|retargeting|up-sell|agradecimento,Ver condicoes,Instagram|Facebook|LinkedIn|MetaAds|GoogleAds|EmailMarketing,Janela automatica pos-evento,Gerador Edro (janela)
2026-08-12,FATHERS_DAY_2026 (janela pos | D+3),retail,varejo|retencao|crm,BR,,,annual,60,40,FATHERS_DAY_2026,post,national,ultima chance|retargeting|up-sell|agradecimento,Ver condicoes,Instagram|Facebook|LinkedIn|MetaAds|GoogleAds|EmailMarketing,Janela automatica pos-evento,Gerador Edro (janela)
2026-09-05,Janela de salario (aprox.),behavior,varejo|promo|planejamento,BR,,,monthly,30,25,PAYDAY_2026_09,peak,national,planejamento|lista de compras|economia,Ver ofertas,MetaAds|GoogleAds,Heuristica (varia por empresa),Gerador Edro (heuristica)
2026-09-07,Independencia do Brasil,official,all|institucional|varejo,BR,,,annual,90,85,INDEPENDENCIA_DO_BRASIL,peak,national,mensagem institucional|servico|horarios|comunidade,Saiba mais,Instagram|LinkedIn,Feriado nacional,Feriados nacionais (Brasil)
2026-09-27,Dia Mundial do Turismo,international,turismo|varejo,BR,,,annual,40,40,DIA_MUNDIAL_DO_TURISMO,peak,national,conteudo educativo|institucional|acao pratica,Saiba mais,Instagram|LinkedIn,Gancho de conteudo (nao comercial agressivo),Curadoria datas internacionais
2026-09-28,KIDS_DAY_2026 (janela pre | D-14),retail,varejo|promo|planejamento,BR,,,annual,75,60,KIDS_DAY_2026,pre,national,aquecimento|lista de desejos|teaser|beneficios,Ativar alerta,Instagram|Facebook|LinkedIn|MetaAds|GoogleAds|EmailMarketing,Janela automatica pre-evento,Gerador Edro (janela)
2026-09-29,KIDS_DAY_2026 (janela pre | D-13),retail,varejo|promo|planejamento,BR,,,annual,75,62,KIDS_DAY_2026,pre,national,aquecimento|lista de desejos|teaser|beneficios,Ativar alerta,Instagram|Facebook|LinkedIn|MetaAds|GoogleAds|EmailMarketing,Janela automatica pre-evento,Gerador Edro (janela)
2026-09-30,KIDS_DAY_2026 (janela pre | D-12),retail,varejo|promo|planejamento,BR,,,annual,75,64,KIDS_DAY_2026,pre,national,aquecimento|lista de desejos|teaser|beneficios,Ativar alerta,Instagram|Facebook|LinkedIn|MetaAds|GoogleAds|EmailMarketing,Janela automatica pre-evento,Gerador Edro (janela)
2026-10-01,KIDS_DAY_2026 (janela pre | D-11),retail,varejo|promo|planejamento,BR,,,annual,75,66,KIDS_DAY_2026,pre,national,aquecimento|lista de desejos|teaser|beneficios,Ativar alerta,Instagram|Facebook|LinkedIn|MetaAds|GoogleAds|EmailMarketing,Janela automatica pre-evento,Gerador Edro (janela)
2026-10-01,OCTOBER_ROSA_2026 (janela),cultural,saude|institucional,BR,,,annual,60,60,OCTOBER_ROSA_2026,pre,national,conscientizacao|servico|conteudo educativo|acao social,Saiba mais,Instagram|LinkedIn,Janela mensal/sazonal,Gerador Edro (sazonal)
2026-10-02,KIDS_DAY_2026 (janela pre | D-10),retail,varejo|promo|planejamento,BR,,,annual,75,68,KIDS_DAY_2026,pre,national,aquecimento|lista de desejos|teaser|beneficios,Ativar alerta,Instagram|Facebook|LinkedIn|MetaAds|GoogleAds|EmailMarketing,Janela automatica pre-evento,Gerador Edro (janela)
2026-10-03,KIDS_DAY_2026 (janela pre | D-9),retail,varejo|promo|planejamento,BR,,,annual,75,70,KIDS_DAY_2026,pre,national,aquecimento|lista de desejos|teaser|beneficios,Ativar alerta,Instagram|Facebook|LinkedIn|MetaAds|GoogleAds|EmailMarketing,Janela automatica pre-evento,Gerador Edro (janela)
2026-10-04,KIDS_DAY_2026 (janela pre | D-8),retail,varejo|promo|planejamento,BR,,,annual,75,72,KIDS_DAY_2026,pre,national,aquecimento|lista de desejos|teaser|beneficios,Ativar alerta,Instagram|Facebook|LinkedIn|MetaAds|GoogleAds|EmailMarketing,Janela automatica pre-evento,Gerador Edro (janela)
2026-10-05,KIDS_DAY_2026 (janela pre | D-7),retail,varejo|promo|planejamento,BR,,,annual,75,74,KIDS_DAY_2026,pre,national,aquecimento|lista de desejos|teaser|beneficios,Ativar alerta,Instagram|Facebook|LinkedIn|MetaAds|GoogleAds|EmailMarketing,Janela automatica pre-evento,Gerador Edro (janela)
2026-10-05,Janela de salario (aprox.),behavior,varejo|promo|planejamento,BR,,,monthly,30,25,PAYDAY_2026_10,peak,national,planejamento|lista de compras|economia,Ver ofertas,MetaAds|GoogleAds,Heuristica (varia por empresa),Gerador Edro (heuristica)
2026-10-06,KIDS_DAY_2026 (janela pre | D-6),retail,varejo|promo|planejamento,BR,,,annual,75,76,KIDS_DAY_2026,pre,national,aquecimento|lista de desejos|teaser|beneficios,Ativar alerta,Instagram|Facebook|LinkedIn|MetaAds|GoogleAds|EmailMarketing,Janela automatica pre-evento,Gerador Edro (janela)
2026-10-07,KIDS_DAY_2026 (janela pre | D-5),retail,varejo|promo|planejamento,BR,,,annual,75,78,KIDS_DAY_2026,pre,national,aquecimento|lista de desejos|teaser|beneficios,Ativar alerta,Instagram|Facebook|LinkedIn|MetaAds|GoogleAds|EmailMarketing,Janela automatica pre-evento,Gerador Edro (janela)
2026-10-08,KIDS_DAY_2026 (janela pre | D-4),retail,varejo|promo|planejamento,BR,,,annual,75,80,KIDS_DAY_2026,pre,national,aquecimento|lista de desejos|teaser|beneficios,Ativar alerta,Instagram|Facebook|LinkedIn|MetaAds|GoogleAds|EmailMarketing,Janela automatica pre-evento,Gerador Edro (janela)
2026-10-09,KIDS_DAY_2026 (janela pre | D-3),retail,varejo|promo|planejamento,BR,,,annual,75,82,KIDS_DAY_2026,pre,national,aquecimento|lista de desejos|teaser|beneficios,Ativar alerta,Instagram|Facebook|LinkedIn|MetaAds|GoogleAds|EmailMarketing,Janela automatica pre-evento,Gerador Edro (janela)
2026-10-10,KIDS_DAY_2026 (janela pre | D-2),retail,varejo|promo|planejamento,BR,,,annual,75,84,KIDS_DAY_2026,pre,national,aquecimento|lista de desejos|teaser|beneficios,Ativar alerta,Instagram|Facebook|LinkedIn|MetaAds|GoogleAds|EmailMarketing,Janela automatica pre-evento,Gerador Edro (janela)
2026-10-11,KIDS_DAY_2026 (janela pre | D-1),retail,varejo|promo|planejamento,BR,,,annual,75,86,KIDS_DAY_2026,pre,national,aquecimento|lista de desejos|teaser|beneficios,Ativar alerta,Instagram|Facebook|LinkedIn|MetaAds|GoogleAds|EmailMarketing,Janela automatica pre-evento,Gerador Edro (janela)
2026-10-12,Nossa Senhora Aparecida / Dia das Criancas,official,varejo|familia|presentes,BR,,,annual,95,85,NOSSA_SENHORA_APARECIDA_DIA_DAS_CRIANCAS,peak,national,mensagem institucional|servico|horarios|comunidade,Saiba mais,Instagram|LinkedIn,Feriado nacional,Feriados nacionais (Brasil)
2026-10-12,KIDS_DAY_2026,retail,varejo|promo|ecommerce,BR,,,annual,95,100,KIDS_DAY_2026,peak,national,oferta forte|prova social|escassez|comparativo,Comprar agora,MetaAds|GoogleAds,Dia pico,Gerador Edro (peak)
2026-10-13,KIDS_DAY_2026 (janela pos | D+1),retail,varejo|retencao|crm,BR,,,annual,60,50,KIDS_DAY_2026,post,national,ultima chance|retargeting|up-sell|agradecimento,Ver condicoes,Instagram|Facebook|LinkedIn|MetaAds|GoogleAds|EmailMarketing,Janela automatica pos-evento,Gerador Edro (janela)
2026-10-14,KIDS_DAY_2026 (janela pos | D+2),retail,varejo|retencao|crm,BR,,,annual,60,45,KIDS_DAY_2026,post,national,ultima chance|retargeting|up-sell|agradecimento,Ver condicoes,Instagram|Facebook|LinkedIn|MetaAds|GoogleAds|EmailMarketing,Janela automatica pos-evento,Gerador Edro (janela)
2026-10-15,KIDS_DAY_2026 (janela pos | D+3),retail,varejo|retencao|crm,BR,,,annual,60,40,KIDS_DAY_2026,post,national,ultima chance|retargeting|up-sell|agradecimento,Ver condicoes,Instagram|Facebook|LinkedIn|MetaAds|GoogleAds|EmailMarketing,Janela automatica pos-evento,Gerador Edro (janela)
2026-10-16,Dia Mundial da Alimentacao,international,alimentos|varejo|institucional,BR,,,annual,45,45,DIA_MUNDIAL_DA_ALIMENTACAO,peak,national,conteudo educativo|institucional|acao pratica,Saiba mais,Instagram|LinkedIn,Gancho de conteudo (nao comercial agressivo),Curadoria datas internacionais
2026-11-01,BLACK_NOVEMBER_2026 (janela),retail,varejo|promo|ecommerce,BR,,,annual,75,75,BLACK_NOVEMBER_2026,pre,national,conscientizacao|servico|conteudo educativo|acao social,Saiba mais,Instagram|LinkedIn,Janela mensal/sazonal,Gerador Edro (sazonal)
2026-11-01,NOVEMBER_AZUL_2026 (janela),cultural,saude|institucional,BR,,,annual,55,55,NOVEMBER_AZUL_2026,pre,national,conscientizacao|servico|conteudo educativo|acao social,Saiba mais,Instagram|LinkedIn,Janela mensal/sazonal,Gerador Edro (sazonal)
2026-11-02,Finados,official,institucional,BR,,,annual,70,60,FINADOS,peak,national,mensagem institucional|servico|horarios|comunidade,Saiba mais,Instagram|LinkedIn,Feriado nacional,Feriados nacionais (Brasil)
2026-11-05,Janela de salario (aprox.),behavior,varejo|promo|planejamento,BR,,,monthly,30,25,PAYDAY_2026_11,peak,national,planejamento|lista de compras|economia,Ver ofertas,MetaAds|GoogleAds,Heuristica (varia por empresa),Gerador Edro (heuristica)
2026-11-13,BLACK_FRIDAY_2026 (janela pre | D-14),retail,varejo|promo|planejamento,BR,,,annual,80,60,BLACK_FRIDAY_2026,pre,national,aquecimento|lista de desejos|teaser|beneficios,Ativar alerta,Instagram|Facebook|LinkedIn|MetaAds|GoogleAds|EmailMarketing,Janela automatica pre-evento,Gerador Edro (janela)
2026-11-14,BLACK_FRIDAY_2026 (janela pre | D-13),retail,varejo|promo|planejamento,BR,,,annual,80,62,BLACK_FRIDAY_2026,pre,national,aquecimento|lista de desejos|teaser|beneficios,Ativar alerta,Instagram|Facebook|LinkedIn|MetaAds|GoogleAds|EmailMarketing,Janela automatica pre-evento,Gerador Edro (janela)
2026-11-15,Proclamacao da Republica,official,institucional|varejo,BR,,,annual,80,60,PROCLAMACAO_DA_REPUBLICA,peak,national,mensagem institucional|servico|horarios|comunidade,Saiba mais,Instagram|LinkedIn,Feriado nacional,Feriados nacionais (Brasil)
2026-11-15,BLACK_FRIDAY_2026 (janela pre | D-12),retail,varejo|promo|planejamento,BR,,,annual,80,64,BLACK_FRIDAY_2026,pre,national,aquecimento|lista de desejos|teaser|beneficios,Ativar alerta,Instagram|Facebook|LinkedIn|MetaAds|GoogleAds|EmailMarketing,Janela automatica pre-evento,Gerador Edro (janela)
2026-11-16,BLACK_FRIDAY_2026 (janela pre | D-11),retail,varejo|promo|planejamento,BR,,,annual,80,66,BLACK_FRIDAY_2026,pre,national,aquecimento|lista de desejos|teaser|beneficios,Ativar alerta,Instagram|Facebook|LinkedIn|MetaAds|GoogleAds|EmailMarketing,Janela automatica pre-evento,Gerador Edro (janela)
2026-11-16,CYBER_MONDAY_2026 (janela pre | D-14),retail,varejo|promo|planejamento,BR,,,annual,65,60,CYBER_MONDAY_2026,pre,national,aquecimento|lista de desejos|teaser|beneficios,Ativar alerta,Instagram|Facebook|LinkedIn|MetaAds|GoogleAds|EmailMarketing,Janela automatica pre-evento,Gerador Edro (janela)
2026-11-17,BLACK_FRIDAY_2026 (janela pre | D-10),retail,varejo|promo|planejamento,BR,,,annual,80,68,BLACK_FRIDAY_2026,pre,national,aquecimento|lista de desejos|teaser|beneficios,Ativar alerta,Instagram|Facebook|LinkedIn|MetaAds|GoogleAds|EmailMarketing,Janela automatica pre-evento,Gerador Edro (janela)
2026-11-17,CYBER_MONDAY_2026 (janela pre | D-13),retail,varejo|promo|planejamento,BR,,,annual,65,62,CYBER_MONDAY_2026,pre,national,aquecimento|lista de desejos|teaser|beneficios,Ativar alerta,Instagram|Facebook|LinkedIn|MetaAds|GoogleAds|EmailMarketing,Janela automatica pre-evento,Gerador Edro (janela)
2026-11-18,BLACK_FRIDAY_2026 (janela pre | D-9),retail,varejo|promo|planejamento,BR,,,annual,80,70,BLACK_FRIDAY_2026,pre,national,aquecimento|lista de desejos|teaser|beneficios,Ativar alerta,Instagram|Facebook|LinkedIn|MetaAds|GoogleAds|EmailMarketing,Janela automatica pre-evento,Gerador Edro (janela)
2026-11-18,CYBER_MONDAY_2026 (janela pre | D-12),retail,varejo|promo|planejamento,BR,,,annual,65,64,CYBER_MONDAY_2026,pre,national,aquecimento|lista de desejos|teaser|beneficios,Ativar alerta,Instagram|Facebook|LinkedIn|MetaAds|GoogleAds|EmailMarketing,Janela automatica pre-evento,Gerador Edro (janela)
2026-11-19,BLACK_FRIDAY_2026 (janela pre | D-8),retail,varejo|promo|planejamento,BR,,,annual,80,72,BLACK_FRIDAY_2026,pre,national,aquecimento|lista de desejos|teaser|beneficios,Ativar alerta,Instagram|Facebook|LinkedIn|MetaAds|GoogleAds|EmailMarketing,Janela automatica pre-evento,Gerador Edro (janela)
2026-11-19,CYBER_MONDAY_2026 (janela pre | D-11),retail,varejo|promo|planejamento,BR,,,annual,65,66,CYBER_MONDAY_2026,pre,national,aquecimento|lista de desejos|teaser|beneficios,Ativar alerta,Instagram|Facebook|LinkedIn|MetaAds|GoogleAds|EmailMarketing,Janela automatica pre-evento,Gerador Edro (janela)
2026-11-20,Dia da Consciencia Negra,official,cultural|institucional|varejo,BR,,,annual,80,60,DIA_DA_CONSCIENCIA_NEGRA,peak,national,mensagem institucional|servico|horarios|comunidade,Saiba mais,Instagram|LinkedIn,Feriado nacional,Feriados nacionais (Brasil)
2026-11-20,BLACK_FRIDAY_2026 (janela pre | D-7),retail,varejo|promo|planejamento,BR,,,annual,80,74,BLACK_FRIDAY_2026,pre,national,aquecimento|lista de desejos|teaser|beneficios,Ativar alerta,Instagram|Facebook|LinkedIn|MetaAds|GoogleAds|EmailMarketing,Janela automatica pre-evento,Gerador Edro (janela)
2026-11-20,CYBER_MONDAY_2026 (janela pre | D-10),retail,varejo|promo|planejamento,BR,,,annual,65,68,CYBER_MONDAY_2026,pre,national,aquecimento|lista de desejos|teaser|beneficios,Ativar alerta,Instagram|Facebook|LinkedIn|MetaAds|GoogleAds|EmailMarketing,Janela automatica pre-evento,Gerador Edro (janela)
2026-11-21,BLACK_FRIDAY_2026 (janela pre | D-6),retail,varejo|promo|planejamento,BR,,,annual,80,76,BLACK_FRIDAY_2026,pre,national,aquecimento|lista de desejos|teaser|beneficios,Ativar alerta,Instagram|Facebook|LinkedIn|MetaAds|GoogleAds|EmailMarketing,Janela automatica pre-evento,Gerador Edro (janela)
2026-11-21,CYBER_MONDAY_2026 (janela pre | D-9),retail,varejo|promo|planejamento,BR,,,annual,65,70,CYBER_MONDAY_2026,pre,national,aquecimento|lista de desejos|teaser|beneficios,Ativar alerta,Instagram|Facebook|LinkedIn|MetaAds|GoogleAds|EmailMarketing,Janela automatica pre-evento,Gerador Edro (janela)
2026-11-22,BLACK_FRIDAY_2026 (janela pre | D-5),retail,varejo|promo|planejamento,BR,,,annual,80,78,BLACK_FRIDAY_2026,pre,national,aquecimento|lista de desejos|teaser|beneficios,Ativar alerta,Instagram|Facebook|LinkedIn|MetaAds|GoogleAds|EmailMarketing,Janela automatica pre-evento,Gerador Edro (janela)
2026-11-22,CYBER_MONDAY_2026 (janela pre | D-8),retail,varejo|promo|planejamento,BR,,,annual,65,72,CYBER_MONDAY_2026,pre,national,aquecimento|lista de desejos|teaser|beneficios,Ativar alerta,Instagram|Facebook|LinkedIn|MetaAds|GoogleAds|EmailMarketing,Janela automatica pre-evento,Gerador Edro (janela)
2026-11-23,BLACK_FRIDAY_2026 (janela pre | D-4),retail,varejo|promo|planejamento,BR,,,annual,80,80,BLACK_FRIDAY_2026,pre,national,aquecimento|lista de desejos|teaser|beneficios,Ativar alerta,Instagram|Facebook|LinkedIn|MetaAds|GoogleAds|EmailMarketing,Janela automatica pre-evento,Gerador Edro (janela)
2026-11-23,CYBER_MONDAY_2026 (janela pre | D-7),retail,varejo|promo|planejamento,BR,,,annual,65,74,CYBER_MONDAY_2026,pre,national,aquecimento|lista de desejos|teaser|beneficios,Ativar alerta,Instagram|Facebook|LinkedIn|MetaAds|GoogleAds|EmailMarketing,Janela automatica pre-evento,Gerador Edro (janela)
2026-11-24,BLACK_FRIDAY_2026 (janela pre | D-3),retail,varejo|promo|planejamento,BR,,,annual,80,82,BLACK_FRIDAY_2026,pre,national,aquecimento|lista de desejos|teaser|beneficios,Ativar alerta,Instagram|Facebook|LinkedIn|MetaAds|GoogleAds|EmailMarketing,Janela automatica pre-evento,Gerador Edro (janela)
2026-11-24,CYBER_MONDAY_2026 (janela pre | D-6),retail,varejo|promo|planejamento,BR,,,annual,65,76,CYBER_MONDAY_2026,pre,national,aquecimento|lista de desejos|teaser|beneficios,Ativar alerta,Instagram|Facebook|LinkedIn|MetaAds|GoogleAds|EmailMarketing,Janela automatica pre-evento,Gerador Edro (janela)
2026-11-25,BLACK_FRIDAY_2026 (janela pre | D-2),retail,varejo|promo|planejamento,BR,,,annual,80,84,BLACK_FRIDAY_2026,pre,national,aquecimento|lista de desejos|teaser|beneficios,Ativar alerta,Instagram|Facebook|LinkedIn|MetaAds|GoogleAds|EmailMarketing,Janela automatica pre-evento,Gerador Edro (janela)
2026-11-25,CYBER_MONDAY_2026 (janela pre | D-5),retail,varejo|promo|planejamento,BR,,,annual,65,78,CYBER_MONDAY_2026,pre,national,aquecimento|lista de desejos|teaser|beneficios,Ativar alerta,Instagram|Facebook|LinkedIn|MetaAds|GoogleAds|EmailMarketing,Janela automatica pre-evento,Gerador Edro (janela)
2026-11-26,BLACK_FRIDAY_2026 (janela pre | D-1),retail,varejo|promo|planejamento,BR,,,annual,80,86,BLACK_FRIDAY_2026,pre,national,aquecimento|lista de desejos|teaser|beneficios,Ativar alerta,Instagram|Facebook|LinkedIn|MetaAds|GoogleAds|EmailMarketing,Janela automatica pre-evento,Gerador Edro (janela)
2026-11-26,CYBER_MONDAY_2026 (janela pre | D-4),retail,varejo|promo|planejamento,BR,,,annual,65,80,CYBER_MONDAY_2026,pre,national,aquecimento|lista de desejos|teaser|beneficios,Ativar alerta,Instagram|Facebook|LinkedIn|MetaAds|GoogleAds|EmailMarketing,Janela automatica pre-evento,Gerador Edro (janela)
2026-11-27,BLACK_FRIDAY_2026,retail,varejo|promo|ecommerce,BR,,,annual,100,100,BLACK_FRIDAY_2026,peak,national,oferta forte|prova social|escassez|comparativo,Comprar agora,MetaAds|GoogleAds,Dia pico,Gerador Edro (peak)
2026-11-27,CYBER_MONDAY_2026 (janela pre | D-3),retail,varejo|promo|planejamento,BR,,,annual,65,82,CYBER_MONDAY_2026,pre,national,aquecimento|lista de desejos|teaser|beneficios,Ativar alerta,Instagram|Facebook|LinkedIn|MetaAds|GoogleAds|EmailMarketing,Janela automatica pre-evento,Gerador Edro (janela)
2026-11-28,BLACK_FRIDAY_2026 (janela pos | D+1),retail,varejo|retencao|crm,BR,,,annual,65,50,BLACK_FRIDAY_2026,post,national,ultima chance|retargeting|up-sell|agradecimento,Ver condicoes,Instagram|Facebook|LinkedIn|MetaAds|GoogleAds|EmailMarketing,Janela automatica pos-evento,Gerador Edro (janela)
2026-11-28,CYBER_MONDAY_2026 (janela pre | D-2),retail,varejo|promo|planejamento,BR,,,annual,65,84,CYBER_MONDAY_2026,pre,national,aquecimento|lista de desejos|teaser|beneficios,Ativar alerta,Instagram|Facebook|LinkedIn|MetaAds|GoogleAds|EmailMarketing,Janela automatica pre-evento,Gerador Edro (janela)
2026-11-29,BLACK_FRIDAY_2026 (janela pos | D+2),retail,varejo|retencao|crm,BR,,,annual,65,45,BLACK_FRIDAY_2026,post,national,ultima chance|retargeting|up-sell|agradecimento,Ver condicoes,Instagram|Facebook|LinkedIn|MetaAds|GoogleAds|EmailMarketing,Janela automatica pos-evento,Gerador Edro (janela)
2026-11-29,CYBER_MONDAY_2026 (janela pre | D-1),retail,varejo|promo|planejamento,BR,,,annual,65,86,CYBER_MONDAY_2026,pre,national,aquecimento|lista de desejos|teaser|beneficios,Ativar alerta,Instagram|Facebook|LinkedIn|MetaAds|GoogleAds|EmailMarketing,Janela automatica pre-evento,Gerador Edro (janela)
2026-11-30,CYBER_MONDAY_2026,retail,varejo|promo|ecommerce,BR,,,annual,85,100,CYBER_MONDAY_2026,peak,national,oferta forte|prova social|escassez|comparativo,Comprar agora,MetaAds|GoogleAds,Dia pico,Gerador Edro (peak)
2026-11-30,BLACK_FRIDAY_2026 (janela pos | D+3),retail,varejo|retencao|crm,BR,,,annual,65,40,BLACK_FRIDAY_2026,post,national,ultima chance|retargeting|up-sell|agradecimento,Ver condicoes,Instagram|Facebook|LinkedIn|MetaAds|GoogleAds|EmailMarketing,Janela automatica pos-evento,Gerador Edro (janela)
2026-12-01,CYBER_MONDAY_2026 (janela pos | D+1),retail,varejo|retencao|crm,BR,,,annual,50,50,CYBER_MONDAY_2026,post,national,ultima chance|retargeting|up-sell|agradecimento,Ver condicoes,Instagram|Facebook|LinkedIn|MetaAds|GoogleAds|EmailMarketing,Janela automatica pos-evento,Gerador Edro (janela)
2026-12-01,Dia Mundial de Luta contra a AIDS,international,saude|institucional,BR,,,annual,35,35,DIA_MUNDIAL_DE_LUTA_CONTRA_A_AIDS,peak,national,conteudo educativo|institucional|acao pratica,Saiba mais,Instagram|LinkedIn,Gancho de conteudo (nao comercial agressivo),Curadoria datas internacionais
2026-12-02,CYBER_MONDAY_2026 (janela pos | D+2),retail,varejo|retencao|crm,BR,,,annual,50,45,CYBER_MONDAY_2026,post,national,ultima chance|retargeting|up-sell|agradecimento,Ver condicoes,Instagram|Facebook|LinkedIn|MetaAds|GoogleAds|EmailMarketing,Janela automatica pos-evento,Gerador Edro (janela)
2026-12-03,CYBER_MONDAY_2026 (janela pos | D+3),retail,varejo|retencao|crm,BR,,,annual,50,40,CYBER_MONDAY_2026,post,national,ultima chance|retargeting|up-sell|agradecimento,Ver condicoes,Instagram|Facebook|LinkedIn|MetaAds|GoogleAds|EmailMarketing,Janela automatica pos-evento,Gerador Edro (janela)
2026-12-05,Janela de salario (aprox.),behavior,varejo|promo|planejamento,BR,,,monthly,30,25,PAYDAY_2026_12,peak,national,planejamento|lista de compras|economia,Ver ofertas,MetaAds|GoogleAds,Heuristica (varia por empresa),Gerador Edro (heuristica)
2026-12-10,Dia dos Direitos Humanos,international,institucional,BR,,,annual,30,30,DIA_DOS_DIREITOS_HUMANOS,peak,national,conteudo educativo|institucional|acao pratica,Saiba mais,Instagram|LinkedIn,Gancho de conteudo (nao comercial agressivo),Curadoria datas internacionais
2026-12-11,CHRISTMAS_2026 (janela pre | D-14),retail,varejo|promo|planejamento,BR,,,annual,80,60,CHRISTMAS_2026,pre,national,aquecimento|lista de desejos|teaser|beneficios,Ativar alerta,Instagram|Facebook|LinkedIn|MetaAds|GoogleAds|EmailMarketing,Janela automatica pre-evento,Gerador Edro (janela)
2026-12-12,CHRISTMAS_2026 (janela pre | D-13),retail,varejo|promo|planejamento,BR,,,annual,80,62,CHRISTMAS_2026,pre,national,aquecimento|lista de desejos|teaser|beneficios,Ativar alerta,Instagram|Facebook|LinkedIn|MetaAds|GoogleAds|EmailMarketing,Janela automatica pre-evento,Gerador Edro (janela)
2026-12-13,CHRISTMAS_2026 (janela pre | D-12),retail,varejo|promo|planejamento,BR,,,annual,80,64,CHRISTMAS_2026,pre,national,aquecimento|lista de desejos|teaser|beneficios,Ativar alerta,Instagram|Facebook|LinkedIn|MetaAds|GoogleAds|EmailMarketing,Janela automatica pre-evento,Gerador Edro (janela)
2026-12-14,CHRISTMAS_2026 (janela pre | D-11),retail,varejo|promo|planejamento,BR,,,annual,80,66,CHRISTMAS_2026,pre,national,aquecimento|lista de desejos|teaser|beneficios,Ativar alerta,Instagram|Facebook|LinkedIn|MetaAds|GoogleAds|EmailMarketing,Janela automatica pre-evento,Gerador Edro (janela)
2026-12-15,CHRISTMAS_2026 (janela pre | D-10),retail,varejo|promo|planejamento,BR,,,annual,80,68,CHRISTMAS_2026,pre,national,aquecimento|lista de desejos|teaser|beneficios,Ativar alerta,Instagram|Facebook|LinkedIn|MetaAds|GoogleAds|EmailMarketing,Janela automatica pre-evento,Gerador Edro (janela)
2026-12-16,CHRISTMAS_2026 (janela pre | D-9),retail,varejo|promo|planejamento,BR,,,annual,80,70,CHRISTMAS_2026,pre,national,aquecimento|lista de desejos|teaser|beneficios,Ativar alerta,Instagram|Facebook|LinkedIn|MetaAds|GoogleAds|EmailMarketing,Janela automatica pre-evento,Gerador Edro (janela)
2026-12-17,CHRISTMAS_2026 (janela pre | D-8),retail,varejo|promo|planejamento,BR,,,annual,80,72,CHRISTMAS_2026,pre,national,aquecimento|lista de desejos|teaser|beneficios,Ativar alerta,Instagram|Facebook|LinkedIn|MetaAds|GoogleAds|EmailMarketing,Janela automatica pre-evento,Gerador Edro (janela)
2026-12-18,CHRISTMAS_2026 (janela pre | D-7),retail,varejo|promo|planejamento,BR,,,annual,80,74,CHRISTMAS_2026,pre,national,aquecimento|lista de desejos|teaser|beneficios,Ativar alerta,Instagram|Facebook|LinkedIn|MetaAds|GoogleAds|EmailMarketing,Janela automatica pre-evento,Gerador Edro (janela)
2026-12-19,CHRISTMAS_2026 (janela pre | D-6),retail,varejo|promo|planejamento,BR,,,annual,80,76,CHRISTMAS_2026,pre,national,aquecimento|lista de desejos|teaser|beneficios,Ativar alerta,Instagram|Facebook|LinkedIn|MetaAds|GoogleAds|EmailMarketing,Janela automatica pre-evento,Gerador Edro (janela)
2026-12-20,CHRISTMAS_2026 (janela pre | D-5),retail,varejo|promo|planejamento,BR,,,annual,80,78,CHRISTMAS_2026,pre,national,aquecimento|lista de desejos|teaser|beneficios,Ativar alerta,Instagram|Facebook|LinkedIn|MetaAds|GoogleAds|EmailMarketing,Janela automatica pre-evento,Gerador Edro (janela)
2026-12-21,CHRISTMAS_2026 (janela pre | D-4),retail,varejo|promo|planejamento,BR,,,annual,80,80,CHRISTMAS_2026,pre,national,aquecimento|lista de desejos|teaser|beneficios,Ativar alerta,Instagram|Facebook|LinkedIn|MetaAds|GoogleAds|EmailMarketing,Janela automatica pre-evento,Gerador Edro (janela)
2026-12-22,CHRISTMAS_2026 (janela pre | D-3),retail,varejo|promo|planejamento,BR,,,annual,80,82,CHRISTMAS_2026,pre,national,aquecimento|lista de desejos|teaser|beneficios,Ativar alerta,Instagram|Facebook|LinkedIn|MetaAds|GoogleAds|EmailMarketing,Janela automatica pre-evento,Gerador Edro (janela)
2026-12-23,CHRISTMAS_2026 (janela pre | D-2),retail,varejo|promo|planejamento,BR,,,annual,80,84,CHRISTMAS_2026,pre,national,aquecimento|lista de desejos|teaser|beneficios,Ativar alerta,Instagram|Facebook|LinkedIn|MetaAds|GoogleAds|EmailMarketing,Janela automatica pre-evento,Gerador Edro (janela)
2026-12-24,CHRISTMAS_2026 (janela pre | D-1),retail,varejo|promo|planejamento,BR,,,annual,80,86,CHRISTMAS_2026,pre,national,aquecimento|lista de desejos|teaser|beneficios,Ativar alerta,Instagram|Facebook|LinkedIn|MetaAds|GoogleAds|EmailMarketing,Janela automatica pre-evento,Gerador Edro (janela)
2026-12-25,Natal,official,varejo|familia|presentes,BR,,,annual,100,85,NATAL,peak,national,mensagem institucional|servico|horarios|comunidade,Saiba mais,Instagram|LinkedIn,Feriado nacional,Feriados nacionais (Brasil)
2026-12-25,CHRISTMAS_2026,retail,varejo|promo|ecommerce,BR,,,annual,100,100,CHRISTMAS_2026,peak,national,oferta forte|prova social|escassez|comparativo,Comprar agora,MetaAds|GoogleAds,Dia pico,Gerador Edro (peak)
2026-12-26,CHRISTMAS_2026 (janela pos | D+1),retail,varejo|retencao|crm,BR,,,annual,65,50,CHRISTMAS_2026,post,national,ultima chance|retargeting|up-sell|agradecimento,Ver condicoes,Instagram|Facebook|LinkedIn|MetaAds|GoogleAds|EmailMarketing,Janela automatica pos-evento,Gerador Edro (janela)
2026-12-27,CHRISTMAS_2026 (janela pos | D+2),retail,varejo|retencao|crm,BR,,,annual,65,45,CHRISTMAS_2026,post,national,ultima chance|retargeting|up-sell|agradecimento,Ver condicoes,Instagram|Facebook|LinkedIn|MetaAds|GoogleAds|EmailMarketing,Janela automatica pos-evento,Gerador Edro (janela)
2026-12-28,CHRISTMAS_2026 (janela pos | D+3),retail,varejo|retencao|crm,BR,,,annual,65,40,CHRISTMAS_2026,post,national,ultima chance|retargeting|up-sell|agradecimento,Ver condicoes,Instagram|Facebook|LinkedIn|MetaAds|GoogleAds|EmailMarketing,Janela automatica pos-evento,Gerador Edro (janela)